[{"pk": 52, "model": "auth.permission", "fields": {"codename": "add_profile", "name": "Can add profile", "content_type": 18}}, {"pk": 53, "model": "auth.permission", "fields": {"codename": "change_profile", "name": "Can change profile", "content_type": 18}}, {"pk": 54, "model": "auth.permission", "fields": {"codename": "delete_profile", "name": "Can delete profile", "content_type": 18}}, {"pk": 22, "model": "auth.permission", "fields": {"codename": "add_logentry", "name": "Can add log entry", "content_type": 8}}, {"pk": 23, "model": "auth.permission", "fields": {"codename": "change_logentry", "name": "Can change log entry", "content_type": 8}}, {"pk": 24, "model": "auth.permission", "fields": {"codename": "delete_logentry", "name": "Can delete log entry", "content_type": 8}}, {"pk": 4, "model": "auth.permission", "fields": {"codename": "add_group", "name": "Can add group", "content_type": 2}}, {"pk": 5, "model": "auth.permission", "fields": {"codename": "change_group", "name": "Can change group", "content_type": 2}}, {"pk": 6, "model": "auth.permission", "fields": {"codename": "delete_group", "name": "Can delete group", "content_type": 2}}, {"pk": 10, "model": "auth.permission", "fields": {"codename": "add_message", "name": "Can add message", "content_type": 4}}, {"pk": 11, "model": "auth.permission", "fields": {"codename": "change_message", "name": "Can change message", "content_type": 4}}, {"pk": 12, "model": "auth.permission", "fields": {"codename": "delete_message", "name": "Can delete message", "content_type": 4}}, {"pk": 1, "model": "auth.permission", "fields": {"codename": "add_permission", "name": "Can add permission", "content_type": 1}}, {"pk": 2, "model": "auth.permission", "fields": {"codename": "change_permission", "name": "Can change permission", "content_type": 1}}, {"pk": 3, "model": "auth.permission", "fields": {"codename": "delete_permission", "name": "Can delete permission", "content_type": 1}}, {"pk": 7, "model": "auth.permission", "fields": {"codename": "add_user", "name": "Can add user", "content_type": 3}}, {"pk": 8, "model": "auth.permission", "fields": {"codename": "change_user", "name": "Can change user", "content_type": 3}}, {"pk": 9, "model": "auth.permission", "fields": {"codename": "delete_user", "name": "Can delete user", "content_type": 3}}, {"pk": 13, "model": "auth.permission", "fields": {"codename": "add_contenttype", "name": "Can add content type", "content_type": 5}}, {"pk": 14, "model": "auth.permission", "fields": {"codename": "change_contenttype", "name": "Can change content type", "content_type": 5}}, {"pk": 15, "model": "auth.permission", "fields": {"codename": "delete_contenttype", "name": "Can delete content type", "content_type": 5}}, {"pk": 25, "model": "auth.permission", "fields": {"codename": "add_flatpage", "name": "Can add flat page", "content_type": 9}}, {"pk": 26, "model": "auth.permission", "fields": {"codename": "change_flatpage", "name": "Can change flat page", "content_type": 9}}, {"pk": 27, "model": "auth.permission", "fields": {"codename": "delete_flatpage", "name": "Can delete flat page", "content_type": 9}}, {"pk": 28, "model": "auth.permission", "fields": {"codename": "add_registrationprofile", "name": "Can add registration profile", "content_type": 10}}, {"pk": 29, "model": "auth.permission", "fields": {"codename": "change_registrationprofile", "name": "Can change registration profile", "content_type": 10}}, {"pk": 30, "model": "auth.permission", "fields": {"codename": "delete_registrationprofile", "name": "Can delete registration profile", "content_type": 10}}, {"pk": 31, "model": "auth.permission", "fields": {"codename": "add_identity", "name": "Can add identity", "content_type": 11}}, {"pk": 32, "model": "auth.permission", "fields": {"codename": "change_identity", "name": "Can change identity", "content_type": 11}}, {"pk": 33, "model": "auth.permission", "fields": {"codename": "delete_identity", "name": "Can delete identity", "content_type": 11}}, {"pk": 34, "model": "auth.permission", "fields": {"codename": "add_identityfield", "name": "Can add identity field", "content_type": 12}}, {"pk": 35, "model": "auth.permission", "fields": {"codename": "change_identityfield", "name": "Can change identity field", "content_type": 12}}, {"pk": 36, "model": "auth.permission", "fields": {"codename": "delete_identityfield", "name": "Can delete identity field", "content_type": 12}}, {"pk": 43, "model": "auth.permission", "fields": {"codename": "add_resume", "name": "Can add resume", "content_type": 15}}, {"pk": 44, "model": "auth.permission", "fields": {"codename": "change_resume", "name": "Can change resume", "content_type": 15}}, {"pk": 45, "model": "auth.permission", "fields": {"codename": "delete_resume", "name": "Can delete resume", "content_type": 15}}, {"pk": 46, "model": "auth.permission", "fields": {"codename": "add_section", "name": "Can add section", "content_type": 16}}, {"pk": 47, "model": "auth.permission", "fields": {"codename": "change_section", "name": "Can change section", "content_type": 16}}, {"pk": 48, "model": "auth.permission", "fields": {"codename": "delete_section", "name": "Can delete section", "content_type": 16}}, {"pk": 49, "model": "auth.permission", "fields": {"codename": "add_sectionentry", "name": "Can add entry", "content_type": 17}}, {"pk": 50, "model": "auth.permission", "fields": {"codename": "change_sectionentry", "name": "Can change entry", "content_type": 17}}, {"pk": 51, "model": "auth.permission", "fields": {"codename": "delete_sectionentry", "name": "Can delete entry", "content_type": 17}}, {"pk": 37, "model": "auth.permission", "fields": {"codename": "add_template", "name": "Can add template", "content_type": 13}}, {"pk": 38, "model": "auth.permission", "fields": {"codename": "change_template", "name": "Can change template", "content_type": 13}}, {"pk": 39, "model": "auth.permission", "fields": {"codename": "delete_template", "name": "Can delete template", "content_type": 13}}, {"pk": 40, "model": "auth.permission", "fields": {"codename": "add_templatevariant", "name": "Can add template variant", "content_type": 14}}, {"pk": 41, "model": "auth.permission", "fields": {"codename": "change_templatevariant", "name": "Can change template variant", "content_type": 14}}, {"pk": 42, "model": "auth.permission", "fields": {"codename": "delete_templatevariant", "name": "Can delete template variant", "content_type": 14}}, {"pk": 16, "model": "auth.permission", "fields": {"codename": "add_session", "name": "Can add session", "content_type": 6}}, {"pk": 17, "model": "auth.permission", "fields": {"codename": "change_session", "name": "Can change session", "content_type": 6}}, {"pk": 18, "model": "auth.permission", "fields": {"codename": "delete_session", "name": "Can delete session", "content_type": 6}}, {"pk": 55, "model": "auth.permission", "fields": {"codename": "add_share", "name": "Can add share", "content_type": 19}}, {"pk": 56, "model": "auth.permission", "fields": {"codename": "change_share", "name": "Can change share", "content_type": 19}}, {"pk": 57, "model": "auth.permission", "fields": {"codename": "delete_share", "name": "Can delete share", "content_type": 19}}, {"pk": 19, "model": "auth.permission", "fields": {"codename": "add_site", "name": "Can add site", "content_type": 7}}, {"pk": 20, "model": "auth.permission", "fields": {"codename": "change_site", "name": "Can change site", "content_type": 7}}, {"pk": 21, "model": "auth.permission", "fields": {"codename": "delete_site", "name": "Can delete site", "content_type": 7}}, {"pk": 1, "model": "auth.user", "fields": {"username": "admin", "first_name": "", "last_name": "", "is_active": true, "is_superuser": true, "is_staff": true, "last_login": "2011-12-19 18:27:54", "groups": [], "user_permissions": [], "password": "sha1$1b958$26807bf1b21d906f584a306d90544a7cc149a1f9", "email": "admin@admin.admin", "date_joined": "2011-11-27 16:29:28"}}, {"pk": 3, "model": "auth.user", "fields": {"username": "lenna", "first_name": "", "last_name": "", "is_active": true, "is_superuser": false, "is_staff": false, "last_login": "2011-12-19 18:10:07", "groups": [], "user_permissions": [], "password": "sha1$7e54c$bb25ea3967036940508b1a53095d9a8b907eca12", "email": "", "date_joined": "2011-11-27 16:44:01"}}, {"pk": 1, "model": "resumes.identity", "fields": {"user": 3, "name": "Lenna Sjooblom", "avatar": "avatar/Lenna_3.png", "occupation": "Playmate"}}, {"pk": 2, "model": "resumes.identityfield", "fields": {"value": "34\"", "type": 0, "name": "bust", "identity": 1}}, {"pk": 3, "model": "resumes.identityfield", "fields": {"value": "26\"", "type": 0, "name": "waist", "identity": 1}}, {"pk": 7, "model": "resumes.identityfield", "fields": {"value": "36\"", "type": 0, "name": "hips", "identity": 1}}, {"pk": 8, "model": "resumes.identityfield", "fields": {"value": "5' 6\"", "type": 0, "name": "height", "identity": 1}}, {"pk": 9, "model": "resumes.identityfield", "fields": {"value": "110 lbs", "type": 0, "name": "weight", "identity": 1}}, {"pk": 10, "model": "resumes.identityfield", "fields": {"value": "http://www.playboy.com/girls/playmates/directory/197211.html", "type": 2, "name": "website", "identity": 1}}, {"pk": 11, "model": "resumes.identityfield", "fields": {"value": "lenna@playboy.com", "type": 1, "name": "email", "identity": 1}}, {"pk": 1, "model": "resumes.template", "fields": {"screen": "template/adhd.jpg", "name": "Sample Template Resume", "slug": "sample-template-resume"}}, {"pk": 2, "model": "resumes.template", "fields": {"screen": "template/lena.jpg", "name": "First % Last", "slug": "first-last"}}, {"pk": 1, "model": "resumes.templatevariant", "fields": {"screen": "", "name": "Default", "template": 1, "slug": "default"}}, {"pk": 2, "model": "resumes.templatevariant", "fields": {"screen": "", "name": "Default", "template": 2, "slug": "default"}}, {"pk": 1, "model": "resumes.resume", "fields": {"name": "Resume", "modification_date": "2011-12-19 17:41:43", "pdf_generation_date": null, "creation_date": "2011-12-03 11:10:44", "template_variant": 1, "public": true, "active": true, "slug": "resume", "identity": 1}}, {"pk": 1, "model": "resumes.section", "fields": {"title": "Date list test", "type": 1, "resume": 1}}, {"pk": 2, "model": "resumes.section", "fields": {"title": "Bullet list test", "type": 3, "resume": 1}}, {"pk": 3, "model": "resumes.section", "fields": {"title": "Definition list test", "type": 2, "resume": 1}}, {"pk": 4, "model": "resumes.section", "fields": {"title": "Number list test", "type": 4, "resume": 1}}, {"pk": 14, "model": "resumes.section", "fields": {"title": "asdf", "type": 2, "resume": 1}}, {"pk": 15, "model": "resumes.section", "fields": {"title": "asdfg", "type": 1, "resume": 1}}, {"pk": 1, "model": "resumes.sectionentry", "fields": {"content": "Lorem ipsum dolor sit amet...", "title": "Item 1", "section": 1, "current": true, "from_date": "2011-12-10", "to_date": "2011-12-10"}}, {"pk": 2, "model": "resumes.sectionentry", "fields": {"content": "Lorem ipsum dolor sit amet...", "title": "Item 2", "section": 1, "current": false, "from_date": "2011-12-10", "to_date": "2011-12-10"}}, {"pk": 3, "model": "resumes.sectionentry", "fields": {"content": "Lorem ipsum dolor sit amet...", "title": "Item 3", "section": 1, "current": false, "from_date": "2011-12-10", "to_date": "2011-12-10"}}, {"pk": 4, "model": "resumes.sectionentry", "fields": {"content": "lorem", "title": "Item 1", "section": 2, "current": false, "from_date": null, "to_date": null}}, {"pk": 5, "model": "resumes.sectionentry", "fields": {"content": "ipsum", "title": "Item 2", "section": 2, "current": false, "from_date": null, "to_date": null}}, {"pk": 6, "model": "resumes.sectionentry", "fields": {"content": "dolor", "title": "Item 3", "section": 2, "current": false, "from_date": null, "to_date": null}}, {"pk": 7, "model": "resumes.sectionentry", "fields": {"content": "Lorem ipsum dolor sit amet...", "title": "Item 1", "section": 3, "current": false, "from_date": null, "to_date": null}}, {"pk": 8, "model": "resumes.sectionentry", "fields": {"content": "Lorem ipsum dolor sit amet...", "title": "Item 2", "section": 3, "current": false, "from_date": null, "to_date": null}}, {"pk": 9, "model": "resumes.sectionentry", "fields": {"content": "Lorem ipsum dolor sit amet...", "title": "Item 3", "section": 3, "current": false, "from_date": null, "to_date": null}}, {"pk": 10, "model": "resumes.sectionentry", "fields": {"content": "Lorem ipsum dolor sit amet...", "title": "Item 1", "section": 4, "current": false, "from_date": null, "to_date": null}}, {"pk": 11, "model": "resumes.sectionentry", "fields": {"content": "Lorem ipsum dolor sit amet...", "title": "Item 2", "section": 4, "current": false, "from_date": null, "to_date": null}}, {"pk": 12, "model": "resumes.sectionentry", "fields": {"content": "Lorem ipsum dolor sit amet...", "title": "Item 3", "section": 4, "current": false, "from_date": null, "to_date": null}}, {"pk": 13, "model": "resumes.sectionentry", "fields": {"content": "sit", "title": "Item 4", "section": 2, "current": false, "from_date": null, "to_date": null}}, {"pk": 14, "model": "resumes.sectionentry", "fields": {"content": "amet", "title": "Item 5", "section": 2, "current": false, "from_date": null, "to_date": null}}, {"pk": 15, "model": "resumes.sectionentry", "fields": {"content": "python", "title": "Item 6", "section": 2, "current": false, "from_date": null, "to_date": null}}, {"pk": 16, "model": "resumes.sectionentry", "fields": {"content": "django", "title": "Item 7", "section": 2, "current": false, "from_date": null, "to_date": null}}, {"pk": 17, "model": "resumes.sectionentry", "fields": {"content": "grappelli", "title": "Item 8", "section": 2, "current": false, "from_date": null, "to_date": null}}, {"pk": 18, "model": "resumes.sectionentry", "fields": {"content": "guido", "title": "Item 9", "section": 2, "current": false, "from_date": null, "to_date": null}}, {"pk": 1, "model": "accounts.profile", "fields": {"user": 1, "name": ""}}, {"pk": 2, "model": "accounts.profile", "fields": {"user": 3, "name": ""}}, {"pk": 1, "model": "sites.site", "fields": {"domain": "127.0.0.1:8000", "name": "cv manager"}}]